Week,Home_Team,Away_Team,Home_Betting_Odds,Away_Betting_Odds,Home_Team_Win,Home_Team_Loss,Away_Team_Win,Away_Team_Loss,Logistic_Regression_Result,Logistic_Regression_Win_Probability,Logistic_Regression_Loss_Probability,Logistic_Regression_Bet_On,Logistic_Regression_Return,RF_Result,RF_Win_Probability,RF_Loss_Probability,RF_Bet_On,RF_Return,SVC_Result,SVC_Win_Probability,SVC_Loss_Probability,SVC_Bet_On,SVC_Return,NB_Result,NB_Win_Probability,NB_Loss_Probability,NB_Bet_On,NB_Return,Average_Return
12,White Sox,Blue Jays,100.0,-120.0,33,33,38,30,0,0.5370780461683982,0.46292195383160184,Away,-1.5356915357936742,0,0.63,0.37,Away,15.5,1,0.5124134983378991,0.48758650166210094,Home,2.4826996675798085,0,0.5686092952077167,0.43139070479228325,Away,4.245037454748072,5.173011396633552
12,Astros,Mets,-135.0,115.0,42,25,45,25,0,0.8559275051178221,0.14407249488217788,Away,84.02441360033175,1,0.71,0.29000000000000004,Home,23.592592592592585,0,0.784024497220826,0.215975502779174,Away,68.56526690247759,0,0.9328890852092883,0.06711091479071174,Away,100.57115331999698,69.18835660384973
12,Rangers,Phillies,124.0,-134.0,32,35,36,33,0,0.7626250814985438,0.2373749185014562,Away,33.174827664671085,0,0.7,0.30000000000000004,Away,22.238805970149247,0,0.7329461376355478,0.26705386236445217,Away,27.992086721431487,0,0.8981992670905261,0.10180073290947389,Away,56.84972276058441,35.06386077920906
12,Padres,Diamondbacks,-162.0,142.0,43,27,32,38,1,0.8574179058448687,0.14258209415513134,Home,38.66882180947876,1,0.71,0.29000000000000004,Home,14.827160493827154,1,0.8012924930517591,0.1987075069482409,Home,29.59174887627215,1,0.9239590150766976,0.07604098492330236,Home,49.43040861116961,33.12953494768692
